Fecha;Cuadrilla;Vehículo;Conductor;Integrantes;Equipos;Inicio;Fin;Duración (min);Actividad;Lugar;Km;Estado;Hora real;Observación
2026-09-30;C1;ABC-123;Jorge Salas;Jorge Salas, Ana Quispe, María Torres;MULTI-01, SON-01;07:00;07:30;30;Preparación de equipos / charla de seguridad;Base Lima;0,0;;;
2026-09-30;C1;ABC-123;Jorge Salas;Jorge Salas, Ana Quispe, María Torres;MULTI-01, SON-01;07:30;07:49;19;Traslado (10.1 km);→ EF-01;10,1;;;
2026-09-30;C1;ABC-123;Jorge Salas;Jorge Salas, Ana Quispe, María Torres;MULTI-01, SON-01;07:49;09:00;71;Espera (ventana horaria);EF-01;0,0;;;
2026-09-30;C1;ABC-123;Jorge Salas;Jorge Salas, Ana Quispe, María Torres;MULTI-01, SON-01;09:00;09:40;40;Muestreo de efluente;EF-01 - Efluente planta industrial;0,0;Programado;;
2026-09-30;C1;ABC-123;Jorge Salas;Jorge Salas, Ana Quispe, María Torres;MULTI-01, SON-01;09:40;10:01;22;Traslado (11.1 km);→ RU-01;11,1;;;
2026-09-30;C1;ABC-123;Jorge Salas;Jorge Salas, Ana Quispe, María Torres;MULTI-01, SON-01;10:01;10:31;30;Muestreo de ruido;RU-01 - Ruido ambiental - Cercado;0,0;Programado;;
2026-09-30;C1;ABC-123;Jorge Salas;Jorge Salas, Ana Quispe, María Torres;MULTI-01, SON-01;10:31;11:06;34;Traslado (24.6 km);→ RU-02;24,6;;;
2026-09-30;C1;ABC-123;Jorge Salas;Jorge Salas, Ana Quispe, María Torres;MULTI-01, SON-01;11:06;11:36;30;Muestreo de ruido;RU-02 - Ruido ambiental - Villa El Salvador;0,0;Programado;;
2026-09-30;C1;ABC-123;Jorge Salas;Jorge Salas, Ana Quispe, María Torres;MULTI-01, SON-01;11:36;12:29;54;Traslado (27.9 km);→ AG-05;27,9;;;
2026-09-30;C1;ABC-123;Jorge Salas;Jorge Salas, Ana Quispe, María Torres;MULTI-01, SON-01;12:29;12:39;10;Acceso a pie (ida y vuelta);AG-05;0,0;;;
2026-09-30;C1;ABC-123;Jorge Salas;Jorge Salas, Ana Quispe, María Torres;MULTI-01, SON-01;12:39;13:24;45;Almuerzo;AG-05;0,0;;;
2026-09-30;C1;ABC-123;Jorge Salas;Jorge Salas, Ana Quispe, María Torres;MULTI-01, SON-01;13:24;14:24;60;Muestreo de agua;AG-05 - Río Lurín - Cieneguilla;0,0;Programado;;
2026-09-30;C1;ABC-123;Jorge Salas;Jorge Salas, Ana Quispe, María Torres;MULTI-01, SON-01;14:24;15:13;49;Traslado (30.0 km);→ SD-01;30,0;;;
2026-09-30;C1;ABC-123;Jorge Salas;Jorge Salas, Ana Quispe, María Torres;MULTI-01, SON-01;15:13;15:23;10;Acceso a pie (ida y vuelta);SD-01;0,0;;;
2026-09-30;C1;ABC-123;Jorge Salas;Jorge Salas, Ana Quispe, María Torres;MULTI-01, SON-01;15:23;16:08;45;Muestreo de sedimento;SD-01 - Sedimento Rímac - Huachipa;0,0;Programado;;
2026-09-30;C1;ABC-123;Jorge Salas;Jorge Salas, Ana Quispe, María Torres;MULTI-01, SON-01;16:08;16:28;19;Retorno a base (15.2 km);→ Base Lima;15,2;;;
2026-09-30;C1;ABC-123;Jorge Salas;Jorge Salas, Ana Quispe, María Torres;MULTI-01, SON-01;16:28;16:58;30;Descarga, preservación y registro de muestras;Base Lima;0,0;;;
2026-09-30;C2;XYZ-789;Pedro Huamán;Pedro Huamán, Rosa Flores, Carla Mendoza;MULTI-02, PM10-01, PM10-02;07:00;07:30;30;Preparación de equipos / charla de seguridad;Base Lima;0,0;;;
2026-09-30;C2;XYZ-789;Pedro Huamán;Pedro Huamán, Rosa Flores, Carla Mendoza;MULTI-02, PM10-01, PM10-02;07:30;07:50;21;Traslado (11.2 km);→ AI-02;11,2;;;
2026-09-30;C2;XYZ-789;Pedro Huamán;Pedro Huamán, Rosa Flores, Carla Mendoza;MULTI-02, PM10-01, PM10-02;07:50;08:35;45;Instalación de equipo de aire (24 h);AI-02 - Calidad de aire PM10 - Callao;0,0;Programado;;
2026-09-30;C2;XYZ-789;Pedro Huamán;Pedro Huamán, Rosa Flores, Carla Mendoza;MULTI-02, PM10-01, PM10-02;08:35;09:17;41;Traslado (28.9 km);→ AI-01;28,9;;;
2026-09-30;C2;XYZ-789;Pedro Huamán;Pedro Huamán, Rosa Flores, Carla Mendoza;MULTI-02, PM10-01, PM10-02;09:17;10:02;45;Instalación de equipo de aire (24 h);AI-01 - Calidad de aire PM10 - Ate;0,0;Programado;;
2026-09-30;C2;XYZ-789;Pedro Huamán;Pedro Huamán, Rosa Flores, Carla Mendoza;MULTI-02, PM10-01, PM10-02;10:02;10:40;39;Traslado (26.6 km);→ AG-01;26,6;;;
2026-09-30;C2;XYZ-789;Pedro Huamán;Pedro Huamán, Rosa Flores, Carla Mendoza;MULTI-02, PM10-01, PM10-02;10:40;10:50;10;Acceso a pie (ida y vuelta);AG-01;0,0;;;
2026-09-30;C2;XYZ-789;Pedro Huamán;Pedro Huamán, Rosa Flores, Carla Mendoza;MULTI-02, PM10-01, PM10-02;10:50;11:50;60;Muestreo de agua;AG-01 - Río Rímac - Chosica;0,0;Programado;;
2026-09-30;C2;XYZ-789;Pedro Huamán;Pedro Huamán, Rosa Flores, Carla Mendoza;MULTI-02, PM10-01, PM10-02;11:50;12:00;10;Traslado (5.4 km);→ AG-02;5,4;;;
2026-09-30;C2;XYZ-789;Pedro Huamán;Pedro Huamán, Rosa Flores, Carla Mendoza;MULTI-02, PM10-01, PM10-02;12:00;12:05;5;Acceso a pie (ida y vuelta);AG-02;0,0;;;
2026-09-30;C2;XYZ-789;Pedro Huamán;Pedro Huamán, Rosa Flores, Carla Mendoza;MULTI-02, PM10-01, PM10-02;12:05;13:05;60;Muestreo de agua;AG-02 - Río Rímac - Ricardo Palma;0,0;Programado;;
2026-09-30;C2;XYZ-789;Pedro Huamán;Pedro Huamán, Rosa Flores, Carla Mendoza;MULTI-02, PM10-01, PM10-02;13:05;13:50;45;Almuerzo;AG-02;0,0;;;
2026-09-30;C2;XYZ-789;Pedro Huamán;Pedro Huamán, Rosa Flores, Carla Mendoza;MULTI-02, PM10-01, PM10-02;13:50;15:04;73;Traslado al laboratorio (48.0 km);→ Laboratorio acreditado (San Isidro);48,0;;;
2026-09-30;C2;XYZ-789;Pedro Huamán;Pedro Huamán, Rosa Flores, Carla Mendoza;MULTI-02, PM10-01, PM10-02;15:04;15:24;20;Entrega de muestras al laboratorio;Laboratorio acreditado (San Isidro);0,0;;;
2026-09-30;C2;XYZ-789;Pedro Huamán;Pedro Huamán, Rosa Flores, Carla Mendoza;MULTI-02, PM10-01, PM10-02;15:24;15:44;20;Retorno a base (9.8 km);→ Base Lima;9,8;;;
2026-09-30;C2;XYZ-789;Pedro Huamán;Pedro Huamán, Rosa Flores, Carla Mendoza;MULTI-02, PM10-01, PM10-02;15:44;16:14;30;Descarga, preservación y registro de muestras;Base Lima;0,0;;;
2026-10-01;C1;ABC-123;Jorge Salas;Jorge Salas, Ana Quispe, Pedro Huamán;MULTI-01;07:00;07:30;30;Preparación de equipos / charla de seguridad;Base Lima;0,0;;;
2026-10-01;C1;ABC-123;Jorge Salas;Jorge Salas, Ana Quispe, Pedro Huamán;MULTI-01;07:30;07:50;21;Traslado (11.2 km);→ AI-02;11,2;;;
2026-10-01;C1;ABC-123;Jorge Salas;Jorge Salas, Ana Quispe, Pedro Huamán;MULTI-01;07:50;08:35;45;Espera (fin de exposición 24 h);AI-02;0,0;;;
2026-10-01;C1;ABC-123;Jorge Salas;Jorge Salas, Ana Quispe, Pedro Huamán;MULTI-01;08:35;09:05;30;Retiro de equipo y muestra de aire [PM10-02];AI-02 - Calidad de aire PM10 - Callao;0,0;Programado;;
2026-10-01;C1;ABC-123;Jorge Salas;Jorge Salas, Ana Quispe, Pedro Huamán;MULTI-01;09:05;10:02;57;Traslado (36.8 km);→ AG-04;36,8;;;
2026-10-01;C1;ABC-123;Jorge Salas;Jorge Salas, Ana Quispe, Pedro Huamán;MULTI-01;10:02;10:17;15;Acceso a pie (ida y vuelta);AG-04;0,0;;;
2026-10-01;C1;ABC-123;Jorge Salas;Jorge Salas, Ana Quispe, Pedro Huamán;MULTI-01;10:17;11:17;60;Muestreo de agua;AG-04 - Río Chillón - Trapiche;0,0;Programado;;
2026-10-01;C1;ABC-123;Jorge Salas;Jorge Salas, Ana Quispe, Pedro Huamán;MULTI-01;11:17;13:11;115;Traslado (77.7 km);→ AG-03;77,7;;;
2026-10-01;C1;ABC-123;Jorge Salas;Jorge Salas, Ana Quispe, Pedro Huamán;MULTI-01;13:11;13:36;25;Acceso a pie (ida y vuelta);AG-03;0,0;;;
2026-10-01;C1;ABC-123;Jorge Salas;Jorge Salas, Ana Quispe, Pedro Huamán;MULTI-01;13:36;14:21;45;Almuerzo;AG-03;0,0;;;
2026-10-01;C1;ABC-123;Jorge Salas;Jorge Salas, Ana Quispe, Pedro Huamán;MULTI-01;14:21;15:11;50;Muestreo de agua;AG-03 - Quebrada Santa Eulalia;0,0;Programado;;
2026-10-01;C1;ABC-123;Jorge Salas;Jorge Salas, Ana Quispe, Pedro Huamán;MULTI-01;15:11;16:27;76;Retorno a base (49.9 km);→ Base Lima;49,9;;;
2026-10-01;C1;ABC-123;Jorge Salas;Jorge Salas, Ana Quispe, Pedro Huamán;MULTI-01;16:27;16:57;30;Descarga, preservación y registro de muestras;Base Lima;0,0;;;
2026-10-01;C2;XYZ-789;Luis Rojas;Luis Rojas, Carla Mendoza, María Torres;BARR-01;07:00;07:30;30;Preparación de equipos / charla de seguridad;Base Lima;0,0;;;
2026-10-01;C2;XYZ-789;Luis Rojas;Luis Rojas, Carla Mendoza, María Torres;BARR-01;07:30;08:23;54;Traslado (40.4 km);→ SU-02;40,4;;;
2026-10-01;C2;XYZ-789;Luis Rojas;Luis Rojas, Carla Mendoza, María Torres;BARR-01;08:23;08:33;10;Acceso a pie (ida y vuelta);SU-02;0,0;;;
2026-10-01;C2;XYZ-789;Luis Rojas;Luis Rojas, Carla Mendoza, María Torres;BARR-01;08:33;09:33;60;Muestreo de suelo;SU-02 - Suelo - Pachacámac;0,0;Programado;;
2026-10-01;C2;XYZ-789;Luis Rojas;Luis Rojas, Carla Mendoza, María Torres;BARR-01;09:33;10:27;54;Traslado (42.4 km);→ AI-01;42,4;;;
2026-10-01;C2;XYZ-789;Luis Rojas;Luis Rojas, Carla Mendoza, María Torres;BARR-01;10:27;10:57;30;Retiro de equipo y muestra de aire [PM10-01];AI-01 - Calidad de aire PM10 - Ate;0,0;Programado;;
2026-10-01;C2;XYZ-789;Luis Rojas;Luis Rojas, Carla Mendoza, María Torres;BARR-01;10:57;11:23;26;Retorno a base (19.1 km);→ Base Lima;19,1;;;
2026-10-01;C2;XYZ-789;Luis Rojas;Luis Rojas, Carla Mendoza, María Torres;BARR-01;11:23;11:53;30;Descarga, preservación y registro de muestras;Base Lima;0,0;;;
2026-10-02;C1;ABC-123;Jorge Salas;Jorge Salas, María Torres, Ana Quispe;BARR-01;07:00;07:30;30;Preparación de equipos / charla de seguridad;Base Lima;0,0;;;
2026-10-02;C1;ABC-123;Jorge Salas;Jorge Salas, María Torres, Ana Quispe;BARR-01;07:30;08:34;64;Traslado (42.7 km);→ BI-01;42,7;;;
2026-10-02;C1;ABC-123;Jorge Salas;Jorge Salas, María Torres, Ana Quispe;BARR-01;08:34;09:04;30;Acceso a pie (ida y vuelta);BI-01;0,0;;;
2026-10-02;C1;ABC-123;Jorge Salas;Jorge Salas, María Torres, Ana Quispe;BARR-01;09:04;10:34;90;Muestreo de biologico;BI-01 - Hidrobiología - Lomas de Lúcumo;0,0;Programado;;
2026-10-02;C1;ABC-123;Jorge Salas;Jorge Salas, María Torres, Ana Quispe;BARR-01;10:34;10:56;22;Traslado (8.8 km);→ SU-01;8,8;;;
2026-10-02;C1;ABC-123;Jorge Salas;Jorge Salas, María Torres, Ana Quispe;BARR-01;10:56;11:16;20;Acceso a pie (ida y vuelta);SU-01;0,0;;;
2026-10-02;C1;ABC-123;Jorge Salas;Jorge Salas, María Torres, Ana Quispe;BARR-01;11:16;12:16;60;Muestreo de suelo;SU-01 - Suelo - Lurín;0,0;Programado;;
2026-10-02;C1;ABC-123;Jorge Salas;Jorge Salas, María Torres, Ana Quispe;BARR-01;12:16;13:08;52;Retorno a base (44.6 km);→ Base Lima;44,6;;;
2026-10-02;C1;ABC-123;Jorge Salas;Jorge Salas, María Torres, Ana Quispe;BARR-01;13:08;13:53;45;Almuerzo;Base Lima;0,0;;;
2026-10-02;C1;ABC-123;Jorge Salas;Jorge Salas, María Torres, Ana Quispe;BARR-01;13:53;14:23;30;Descarga, preservación y registro de muestras;Base Lima;0,0;;;
2026-10-05;C1;ABC-123;Jorge Salas;Jorge Salas, María Torres, Rosa Flores;BARR-01, MULTI-01;07:00;07:30;30;Preparación de equipos / charla de seguridad;Base Lima;0,0;;;
2026-10-05;C1;ABC-123;Jorge Salas;Jorge Salas, María Torres, Rosa Flores;BARR-01, MULTI-01;07:30;11:13;223;Traslado (196.2 km);→ AG-06;196,2;;;
2026-10-05;C1;ABC-123;Jorge Salas;Jorge Salas, María Torres, Rosa Flores;BARR-01, MULTI-01;11:13;11:28;15;Acceso a pie (ida y vuelta);AG-06;0,0;;;
2026-10-05;C1;ABC-123;Jorge Salas;Jorge Salas, María Torres, Rosa Flores;BARR-01, MULTI-01;11:28;12:28;60;Muestreo de agua;AG-06 - Río Huaura - Churín;0,0;Programado;;
2026-10-05;C1;ABC-123;Jorge Salas;Jorge Salas, María Torres, Rosa Flores;BARR-01, MULTI-01;12:28;12:34;6;Traslado (3.3 km);→ SU-03;3,3;;;
2026-10-05;C1;ABC-123;Jorge Salas;Jorge Salas, María Torres, Rosa Flores;BARR-01, MULTI-01;12:34;12:54;20;Acceso a pie (ida y vuelta);SU-03;0,0;;;
2026-10-05;C1;ABC-123;Jorge Salas;Jorge Salas, María Torres, Rosa Flores;BARR-01, MULTI-01;12:54;13:39;45;Almuerzo;SU-03;0,0;;;
2026-10-05;C1;ABC-123;Jorge Salas;Jorge Salas, María Torres, Rosa Flores;BARR-01, MULTI-01;13:39;14:39;60;Muestreo de suelo;SU-03 - Suelo agrícola - Pachangara;0,0;Programado;;
2026-10-05;C1;ABC-123;Jorge Salas;Jorge Salas, María Torres, Rosa Flores;BARR-01, MULTI-01;14:39;14:46;7;Traslado a alojamiento (4.2 km);→ Hotel Churín;4,2;;;
2026-10-05;C1;ABC-123;Jorge Salas;Jorge Salas, María Torres, Rosa Flores;BARR-01, MULTI-01;14:46;14:46;0;Pernocte;Hotel Churín;0,0;;;
2026-10-06;C1;ABC-123;Jorge Salas;Jorge Salas, María Torres, Rosa Flores;BARR-01, MULTI-01;07:00;07:20;20;Desayuno y alistamiento;Hotel Churín;0,0;;;
2026-10-06;C1;ABC-123;Jorge Salas;Jorge Salas, María Torres, Rosa Flores;BARR-01, MULTI-01;07:20;10:57;217;Retorno a base (191.2 km);→ Base Lima;191,2;;;
2026-10-06;C1;ABC-123;Jorge Salas;Jorge Salas, María Torres, Rosa Flores;BARR-01, MULTI-01;10:57;11:27;30;Descarga, preservación y registro de muestras;Base Lima;0,0;;;
